Id,PageIndxNumber,PartNumber,StartPageNumber,AdditionalInfo,Quantity,Remarks,ParentPageItemID_future,PartID_future,PageID_future
1,8101,06-5638,80,MPH,1,"","","",""
2,8501,06-8019,84,"",1,"Europe, except France","","",""
3,8507,06-8020,84,"",1,France,"","",""
4,8515,06-8024,84,"",1,Canada only,"","",""
5,7311,06-8029,72,"",1,"","","",""
6,8503,06-8048,84,"",1,Europe,"","",""
7,7312,06-8058,72,"",1,"","","",""
8,7104,14-0101,70,rear stay to blade,2,"Bolt, rear stay to blade","","",""
9,7114,14-0101,70,"",2,Fender top fixing,"","",""
10,6728,14-0101,66,"",4,Hinge Attachment,"","",""
11,6552,14-0101,62,mounting to coil tray,1,"1/4"" UNF x 5/8"" UH","","",""
12,7100,14-0101,70,"",4,Number plate attachment,"","",""
13,8302,14-0102,82,"",1,"Coil and tool tray attachment, rear.","","",""
14,7308,14-0102,72,"",4,No. plate brackets and support plate to fender,"","",""
15,6920,14-0102,68,"",4,"","","",""
16,4921,14-0102,48,"",4,Muffler to hanger,"","",""
17,7121,14-0102,70,"",2,Bridge to fender,"","",""
18,7125,14-0102,70,"",2,Grab rail to fender,"","",""
19,6545,14-0102,62,body to mounting,1,"1/4"" UNF x 5/8"" UH","","",""
20,7111,14-0103,70,bridge piece to fork leg,2,"","","",""
21,6316,14-0103,62,"adjuster,stop light",1,"1/4"" UNF x 3/8"" U.H .","","",""
22,8328,14-0103,82,"",2,Horn attachment,"","",""
23,5735,14-0103,56,"",2,Bracket to fork leg and bridge piece,"","",""
24,6120,14-0107,60,"chain adjuster (1/4"" UNF x 1 1/2"" UH)",2,"","","",""
25,6711,14-0113,66,"",2,"","","",""
26,7117,14-0114,70,"",2,Fender front fixing,"","",""
27,4343,14-0114,42,"",1,Prop stand stop,"","",""
28,6557,14-0114,62,master cylinder/plate fixing rear,1,"","","",""
29,4720,14-0115,46,"",4,Rear motor plates to frame,"","",""
30,4721,14-0116,46,"",1,Rear motor plates to frame,"","",""
31,4740,14-0129,46,"",1,Bracket to frame,"","",""
32,4131,14-0201,40,"",1,"","","",""
33,4531,14-0206,44,chainguard fixing front,1,"","","",""
34,3109,14-0208,30,"",1,"","","",""
35,4709,14-0216,46,"",2,Footrest swivel,"","",""
36,4911,14-0217,48,"",2,Exhaust pipes to coupling pipe,"","",""
37,6911,14-0218,68,"",2,All models - left assy to right assy,"","",""
38,4916,14-0219,48,"",2,Exhaust pipes to mufflers,"","",""
39,4724,14-0220,46,"",2,Motor to motor plates,"","",""
40,6905,14-0221,68,"",2,All models - Cover to body,"","",""
41,4725,14-0221,46,"",2,Motor to motor plates,"","",""
42,1128,14-0230,10,"long,crankcase halves",1,"","","",""
43,6312,14-0232,62,caliper to mounting,2,"","","",""
44,5103,14-0234,50,"",1,"","","",""
45,4526,14-0234,44,"damper,lower",2,"","","",""
46,4523,14-0235,44,"damper,top",2,"","","",""
47,5115,14-0237,50,RIGHT,1,"","","",""
48,1929,14-0241,18,cylinder head,4,"","","",""
49,2329,14-0241,22,cylinder head,4,"","","",""
50,4736,14-0254,46,"",1,Motor fixing front,"","",""
51,4703,14-0259,46,left,1,"","","",""
52,4702,14-0261,46,right,1,"","","",""
53,7304,14-0301,72,"",1,Tail lamp support to fender,"","",""
54,3714,14-0301,36,"",4,"","","",""
55,6317,14-0301,62,adjuster screw,1,"1/4"" UNF","","",""
56,6121,14-0301,60,"chain adjuster screw (1/4"" UNF)",2,"","","",""
57,1932,14-0301,18,"",6,"","","",""
58,2332,14-0301,22,"",6,"","","",""
59,6908,14-0302,68,"",2,All models - Cover to body,"","",""
60,6709,14-0302,66,"",1,"","","",""
61,5126,14-0302,50,"",8,"","","",""
62,4731,14-0304,46,"",1,Motor to frame centre bottom,"","",""
63,4344,14-0402,42,"",1,Prop stand stop,"","",""
64,1146,14-0402,10,exhaust ties,2,"","","",""
65,3918,14-0403,38,"",1,"","","",""
66,8745,14-0404,84,"",6,Flasher lamp stanchion,"","",""
67,4117,14-0702,40,"",3,"","","",""
68,5133,14-1019,50,"",2,"","","",""
69,5106,14-1034,50,"",2,"","","",""
70,7106,14-1201,70,"",5,"","","",""
71,4908,14-1201,48,"",2,"","","",""
72,5721,14-1201,56,"",1,"","","",""
73,4922,14-1201,48,"",4,Muffler to hanger,"","",""
74,4912,14-1202,48,"",2,Exhaust pipes to coupling pipe,"","",""
75,4918,14-1202,48,"",2,Exhaust pipes to mufflers,"","",""
76,6313,14-1203,62,caliper to mounting plate bolt,2,"","","",""
77,8304,14-1301,82,"",1,"Coil and tool tray attachment, rear.","","",""
78,1709,14-1301,16,Carb. to manifold,2,T140V,"","",""
79,7310,14-1301,72,"",4,No. plate brackets and support plate to fender,"","",""
80,1716,14-1301,16,Carberator to manifold and head,4,T140V,"","",""
81,7116,14-1301,70,"",2,Fender top fixing,"","",""
82,7123,14-1301,70,"",2,Bridge to fender,"","",""
83,7127,14-1301,70,"",2,Grab rail to fender,"","",""
84,8331,14-1301,82,"",2,Horn attachment,"","",""
85,8540,14-1301,84,"",1,Battery carrier mounting,"","",""
86,7100,14-1301,70,"",4,Number plate attachment,"","",""
87,4309,14-1302,42,"",4,Sump plate to frame,"","",""
88,4711,14-1302,46,"",2,Footrest swivel,"","",""
89,7119,14-1302,70,"",2,Fender front fixing,"","",""
90,4722,14-1302,46,"",5,Rear motor plates to frame,"","",""
91,4726,14-1302,46,"",4,Motor to motor plates,"","",""
92,3729,14-1302,36,"",1,"","","",""
93,6929,14-1302,68,"",2,"","","",""
94,6330,14-1302,62,cylinder to frame bolt,2,"5/16"" UNF self locking","","",""
95,1131,14-1302,10,"",5,"","","",""
96,6558,14-1302,62,"",1,"","","",""
97,5104,14-1303,50,"",1,"","","",""
98,4712,14-1303,46,"",2,Footrest to frame,"","",""
99,4513,14-1303,44,"",1,"","","",""
100,1116,14-1303,10,"",1,"","","",""
101,5117,14-1303,50,"",2,"","","",""
102,6319,14-1303,62,"brake pedal spindle,inner",1,"","","",""
103,4525,14-1303,44,"damper,top",2,"","","",""
104,4528,14-1303,44,"",2,"","","",""
105,1939,14-1303,18,Torque stay,2,"","","",""
106,2339,14-1303,22,Torque stay,2,"","","",""
107,4340,14-1303,42,"",1,"","","",""
108,7540,14-1303,74,"",2,"","","",""
109,4517,14-1304,44,torque stay to swinging arm,1,"","","",""
110,4337,14-1304,42,"",2,"","","",""
111,4737,14-1304,46,"",1,Motor fixing front,"","",""
112,4717,14-1305,46,"",2,"","","",""
113,4511,14-1307,44,swinging arm pivot,1,"","","",""
114,6117,14-1307,60,"wheel spindle (5/8"" UNF self locking)",1,"","","",""
115,1930,14-1401,18,rocker box,6,"","","",""
116,2330,14-1401,22,rocker box,6,"","","",""
117,1114,14-1445,10,rear,1,"","","",""
118,7524,14-1901,74,pivot pin,1,"","","",""
119,5520,14-1903,54,"",4,"","","",""
120,6123,14-1903,60,"disc/sprocket bolt (3/8"" UNF self locking)",4,"","","",""
121,6329,14-1903,62,"brake pedal spindle,outer",1,"","","",""
122,4907,14-2205,48,"",2,"","","",""
123,7107,14-2205,70,bridge piece to blade,3,"","","",""
124,1355,14-6101,10,"",1,"","","",""
125,2155,14-6103,18,"",8,"","","",""
126,2555,14-6103,22,"",8,"","","",""
127,1720,14-6113,16,bracket to manifold,1,T140V,"","",""
128,4133,14-6113,40,primary cover,1,"","","",""
129,7109,14-6114,70,stay to spindle cap,2,"","","",""
130,1126,14-6220,10,top rear,1,"","","",""
131,1127,14-6223,10,top front,1,"","","",""
132,1143,14-6242,10,"rear,crankcase halves",1,"","","",""
133,2157,14-6606,18,"",4,"","","",""
134,2557,14-6606,22,"",4,"","","",""
135,3108,14-6608,30,short,6,"","","",""
136,4125,14-6608,40,"",6,"","","",""
137,3732,14-6608,36,"",1,"","","",""
138,3107,14-6609,30,long,2,"","","",""
139,3731,14-6609,36,"",2,"","","",""
140,4126,14-6620,40,"",2,"","","",""
141,0,14-7019,"","",0,"","","",""
142,0,14-7024,"","",0,"","","",""
143,7317,14-7804,72,"",1,"","","",""
144,8526,19-1191,84,"",1,"","","",""
145,8501,19-1284,84,"",1,Europe,"","",""
146,8525,19-1377,84,"",4,"","","",""
147,7531,19-1961,74,right hand,1,"","","",""
148,8700,19-1962,84,"",1,Not illustrated,"","",""
149,8532,19-1963,84,flasher lamp rear,2,"","","",""
150,8307,19-1964,82,"",2,"","","",""
151,7527,19-1965,74,left hand,1,"","","",""
152,2901,19-2452,28,left,1,"","","",""
153,2901,19-2453,28,right,1,"","","",""
154,2701,19-2454,26,"",1,"","","",""
155,6309,19-6901,62,"",1,"","","",""
156,5745,19-6901,56,"",2,"","","",""
157,6910,21 -0501,68,"",2,All models - left assy to right assy,"","",""
158,3738,21-0541,36,"",1,"","","",""
159,1136,21-0543,10,"",1,"","","",""
160,4127,21-0544,40,"",2,"","","",""
161,3741,21-0544,36,"",1,"","","",""
162,3705,21-0547,36,"",4,"","","",""
163,4318,21-0550,42,"",2,"","","",""
164,5109,21-0578,50,"",1,"","","",""
165,3901,21-0586,38,"",1,"","","",""
166,7534,21-0589,74,"",2,"","","",""
167,3534,21-0594,34,"",1,"","","",""
168,0,21-0648,"","SPRING-Thick 0.080""-i/d 5/16"" clearance-o/d 1/2""-o/a height 5/32""",0,"","","",""
169,1144,21-0669,10,crankcase halves,1,"","","",""
170,1905,21-0692,18,"",4,"","","",""
171,2305,21-0692,22,"",4,"","","",""
172,8314,21-0778,82,"",2,Condenser attachment,"","",""
173,8339,21-0778,82,"",2,Bracket to frame,"","",""
174,8100,21-0778,80,"",4,For speedo and Tacho mounting (not illustrated),"","",""
175,0,21-1822,"","",0,"","","",""
176,1129,21-1823,10,short-crankcase halves,2,"","","",""
177,0,21-1852,"","",0,"","","",""
178,1122,21-1863,10,"",1,"","","",""
179,1510,21-1864,14,"",2,"","","",""
180,1123,21-1865,10,"",4,"","","",""
181,1125,21-1870,10,rear,1,"","","",""
182,1120,21-1871,10,"",1,"","","",""
183,1124,21-1872,10,timing hole,1,"","","",""
184,1934,21-1875,18,rocker box,4,"","","",""
185,2334,21-1875,22,rocker box,4,"","","",""
186,1703,21-1876,16,"",4,TR7RV,"","",""
187,1705,21-1877,16,"",4,TR7RV,"","",""
188,3725,21-1879,36,"",2,"","","",""
189,1512,21-1906,14,"",2,"","","",""
190,4314,21-1908,42,"",1,Junction block to crankcase,"","",""
191,0,21-1910,"","",0,"","","",""
192,0,21-1914,"","",0,"","","",""
193,0,21-1916,"","",0,"","","",""
194,0,21-1917,"","",0,"","","",""
195,0,21-1918,"","",0,"","","",""
196,0,21-1919,"","",0,"","","",""
197,0,21-1920,"","",0,"","","",""
198,0,21-1929,"","",0,"","","",""
199,1706,21-1996,16,carburetor to manifold,2,TR7RV,"","",""
200,0,21-2010,"","",0,"","","",""
201,0,21-2012,"","",0,"","","",""
202,0,21-2013,"","",0,"","","",""
203,0,21-2014,"","",0,"","","",""
204,6700,21-2064,66,tank badge,4,"","","",""
205,4336,21-2077,42,"",2,"","","",""
206,8312,21-2079,82,"",2,Condenser attachment,"","",""
207,8321,21-2079,82,"",1,Flasher unit attach.,"","",""
208,4509,21-2087,44,swinging arm,1,"","","",""
209,5350,21-2095,52,"",4,"","","",""
210,5125,21-2102,50,"",8,"","","",""
211,4308,21-2109,42,"",4,Sump plate to frame,"","",""
212,4730,21-2112,46,"",1,Motor to frame centre bottom,"","",""
213,8324,21-2120,82,spring to battery carrier,1,"","","",""
214,8337,21-2120,82,"",2,Bracket to frame,"","",""
215,3908,21-2157,38,"",3,"","","",""
216,3730,21-2162,36,"",2,"","","",""
217,1903,21-2177,18,"",4,"","","",""
218,2303,21-2177,22,"",4,"","","",""
219,924,21-2182,8,"",1,"","","",""
220,908,21-2183,8,"",1,"","","",""
221,5139,21-2189,50,caliper to outer member,2,"","","",""
222,5720,21-2191,56,"",1,"","","",""
223,5722,21-2192,56,short,2,"","","",""
224,5723,21-2194,56,long,2,"","","",""
225,1936,21-2197,18,Torque stay,2,"","","",""
226,2336,21-2197,22,Torque stay,2,"","","",""
227,4112,21-2198,40,"",1,"","","",""
228,4111,21-2199,40,"",2,"","","",""
229,1924,21-2200,18,cylinder head (5/16 in.),2,"","","",""
230,2324,21-2200,22,cylinder head (5/16 in.),2,"","","",""
231,1923,21-2201,18,cylinder head (3/8 in.),4,"","","",""
232,2323,21-2201,22,"",4,"","","",""
233,1925,21-2204,18,"",4,"","","",""
234,2325,21-2204,22,"",4,"","","",""
235,1926,21-2205,18,"",2,"","","",""
236,2326,21-2205,22,"",2,"","","",""
237,1933,21-2206,18,rocker box,4,"","","",""
238,2333,21-2206,22,rocker box,4,"","","",""
239,5518,21-2207,54,"",4,"","","",""
240,7302,21-2225,72,"",1,Tail lamp support to fender,"","",""
241,4905,21-2230,48,"",2,"","","",""
242,4708,21-7001,46,left,1,"","","",""
243,4708,21-7002,46,right,1,"","","",""
244,4515,21-7004,44,torque stay to swinging arm,1,"","","",""
245,6122,21-7005,60,disc to sprocket,4,"","","",""
246,6322,21-7006,62,push rod,2,"5/16"" UNF shouldered","","",""
247,6328,21-7007,62,master cylinder fixing,2,"","","",""
248,4904,21-7009,48,"",2,"","","",""
249,8323,21-7009,82,"",2,Flasher unit attach.,"","",""
250,8341,21-7010,82,rear stop switch,2,"","","",""
251,5514,37-0653,54,right (metric 120),1,"","","",""
252,5513,37-1237,54,right,2,"","","",""
253,6107,37-2294,60,"",40,"","","",""
254,5508,37-2294,54,"",40,"","","",""
255,8744,37-2331,84,"",6,Flasher lamp stanchion,"","",""
256,1937,37-2338,18,Torque stay,2,"","","",""
257,2337,37-2338,22,Torque stay,2,"","","",""
258,6134,37-3468,60,"",2,"","","",""
259,6119,37-3742,60,chain,2,"","","",""
260,1121,37-3761,10,ignition timing hole plug,1,"","","",""
261,6116,37-3965,60,"",1,"","","",""
262,5521,37-3969,54,"",0,As reqd.,"","",""
263,6132,37-3969,60,short,0,As required,"","",""
264,5522,37-3970,54,"",0,As reqd.,"","",""
265,6133,37-3970,60,long,0,As required,"","",""
266,5504,37-4126,54,left half,1,"","","",""
267,5505,37-4127,54,right half,1,"","","",""
268,5503,37-4129,54,"",1,"","","",""
269,5507,37-4130,54,inner,20,"","","",""
270,5506,37-4131,54,outer,20,"","","",""
271,5516,37-4132,54,"",1,"","","",""
272,5509,37-4133,54,wheel spindle,1,"","","",""
273,5510,37-4134,54,left,1,"","","",""
274,6126,37-4134,60,left bearing,1,"","","",""
275,5512,37-4135,54,left,1,"","","",""
276,6130,37-4135,60,"",2,"","","",""
277,5501,37-4141,54,"",1,"","","",""
278,5502,37-4143,54,SPOKES AND HUB ASSEMBLY (complete),1,"","","",""
279,6110,37-4275,60,"",1,"","","",""
280,5517,37-4275,54,"",1,"","","",""
281,6108,37-7001,60,Ieft half,1,"","","",""
282,6109,37-7002,60,right half,1,"","","",""
283,6115,37-7003,60,",right bearing",1,"","","",""
284,6131,37-7004,60,speedometer unit,1,"","","",""
285,6111,37-7005,60,bearings,1,"","","",""
286,6128,37-7006,60,left bearing,1,"","","",""
287,6105,37-7007,60,"outer,right",10,"","","",""
288,6106,37-7008,60,"outer,left",10,"","","",""
289,6104,37-7009,60,"inner,right and left",20,"","","",""
290,6113,37-7010,60,"",1,"","","",""
291,6125,37-7016,60,rear wheel 47T,1,"","","",""
292,6102,37-7017,60,SPOKES AND HUB ASSEMBLY (complete),1,"","","",""
293,6103,37-7018,60,19,1,"","","",""
294,6101,37-7019,60,"",1,"","","",""
295,6301,37-7020,62,"",1,Replaces 37-7014. Order kit 00-4409 when servicing earlier machines,"","",""
296,6112,37-7021,60,speedometer drive gearbox *,0,* Used only with latest caliper plate 37-7020,"","",""
297,3702,57-0023,36,"",1,"","","",""
298,4121,57-0023,40,"",1,"","","",""
299,3716,57-0031,36,"",1,"","","",""
300,3704,57-0047,36,"",1,"","","",""
301,5515,57-0280,54,right,1,"","","",""
302,3904,57-0394,38,"",20,"","","",""
303,3709,57-0404,36,"",2,"","","",""
304,3711,57-0405,36,"",2,"","","",""
305,3712,57-0407,36,"",1,"","","",""
306,3531,57-0730,34,"",1,"","","",""
307,3532,57-0731,34,"",1,"","","",""
308,1110,57-0912,10,L/S at thrust washer,1,"","","",""
309,3106,57-0989,30,"",2,"","","",""
310,1109,57-0989,10,"",2,"","","",""
311,5511,57-1070,54,left (metric 125),1,"","","",""
312,6129,57-1070,60,left and right,2,"","","",""
313,3736,57-1167,36,"",1,"","","",""
314,3530,57-1250,34,"",1,"","","",""
315,1135,57-1257,10,"",1,"","","",""
316,3915,57-1363,38,"",6,"","","",""
317,1111,57-1606,10,layshaft,1,"","","",""
318,3726,57-1646,36,"",1,"","","",""
319,3719,57-1710,36,"",1,"","","",""
320,3722,57-1712,36,"",1,"","","",""
321,3910,57-1722,38,"",3,"","","",""
322,3911,57-1723,38,"",3,"","","",""
323,3535,57-1736,34,"",1,"","","",""
324,1140,57-1920,10,"",0,Reference only,"","",""
325,3919,57-1931,38,"",3,"","","",""
326,3707,57-1955,36,"",1,"","","",""
327,3706,57-1956,36,"",1,"","","",""
328,3528,57-1962,34,"",1,"","","",""
329,3529,57-1963,34,"",1,"","","",""
330,3917,57-2159,38,"",1,"","","",""
331,1141,57-2166,10,"",2,"","","",""
332,3742,57-2166,36,"",1,"","","",""
333,1134,57-2167,10,"",1,"","","",""
334,3734,57-2173,36,"",1,"","","",""
335,3533,57-2240,34,"",1,"","","",""
336,1138,57-2259,10,"",1,"","","",""
337,3739,57-2330,36,"",1,"","","",""
338,4342,57-2331,42,centre stand,1,"","","",""
339,4130,57-2450,40,"",1,"","","",""
340,3921,57-2526,38,"",3,"","","",""
341,3723,57-3673,36,"",1,"","","",""
342,3727,57-3762,36,"",1,"","","",""
343,3902,57-3929,38,"",1,"","","",""
344,3903,57-3931,38,"",1,"","","",""
345,3507,57-3988,34,"",1,"","","",""
346,3527,57-4113,34,"",1,"","","",""
347,3715,57-4117,36,"",1,"","","",""
348,3740,57-4356,36,"",1,"","","",""
349,3508,57-4376,34,"",1,"","","",""
350,3509,57-4377,34,"",1,"","","",""
351,3510,57-4379,34,"",0,Reference only,"","",""
352,3523,57-4396,34,"",1,"","","",""
353,3710,57-4403,36,"",2,"","","",""
354,3506,57-4432,34,"",1,"","","",""
355,3900,57-4435,38,"",1,Not illus.,"","",""
356,3907,57-4436,38,"",1,"","","",""
357,3912,57-4437,38,"",1,"","","",""
358,3906,57-4438,38,"",1,"","","",""
359,3700,57-4587,36,"",1,18-24 inclusive,"","",""
360,3718,57-4588,36,"",1,"","","",""
361,3721,57-4589,36,"",1,"","","",""
362,3916,57-4590,38,"",1,"","","",""
363,3909,57-4636,38,"",1,"","","",""
364,3905,57-4640,38,"",1,"","","",""
365,3920,57-4644,38,"",3,"","","",""
366,3515,57-4647,34,"",1,"","","",""
367,3511,57-4653,34,"",1,"","","",""
368,3518,57-4654,34,"",1,"","","",""
369,3519,57-4656,34,"",1,"","","",""
370,3516,57-4657,34,"",1,"","","",""
371,3517,57-4659,34,"",1,"","","",""
372,3521,57-4661,34,"",1,"","","",""
373,3913,57-4754,38,"",3,"","","",""
374,3717,57-4756,36,"",1,"","","",""
375,3914,57-4763,38,"",6,"","","",""
376,3503,57-4781,34,"",1,"","","",""
377,3522,57-4782,34,20T,1,"","","",""
378,3514,57-4787,34,"",0,Reference only,"","",""
379,3513,57-4791,34,"",0,Reference only,"","",""
380,3923,57-4794,38,"",1,"","","",""
381,3512,57-4900,34,"",1,"","","",""
382,3900,57-4903,38,"",1,Not illus.,"","",""
383,3524,57-4909,34,"",1,"","","",""
384,4120,57-7003,40,"",1,"","","",""
385,3703,57-7008,36,"",1,"","","",""
386,4122,57-7009,40,"",1,"","","",""
387,4129,57-7010,40,"",1,"","","",""
388,3701,57-7014,36,"",1,"","","",""
389,3735,57-7017,36,"",1,"","","",""
390,3733,57-7018,36,"",1,"","","",""
391,3708,57-7021,36,"",1,"","","",""
392,8317,60-0262,82,"",2,CHAMPION,"","",""
393,7901,60-0291,78,"",1,"","","",""
394,8121,60-0494,80,"",1,"","","",""
395,8523,60-0622,84,"",1,state serial number,"","",""
396,5108,60-0623,50,"",1,"","","",""
397,7713,60-0683,76,twist grip to junction block,1,T140V - LOW BAR,"","",""
398,7706,60-0685,76,"",1,T140V - UNIVERSAL,"","",""
399,7701,60-0732,76,"",1,T140V - LOW BAR,"","",""
400,7714,60-0733,76,junction block to carburetor,2,T140V - HIGH BAR,"","",""
401,7714,60-0733,76,junction block to carburetor,2,T140V - LOW BAR,"","",""
402,7701,60-0746,76,"",1,TR7RV - LOW BAR,"","",""
403,7908,60-0767,78,"",1,"","","",""
404,7710,60-0777,76,"",1,"","","",""
405,8316,60-0911,82,"",2,CHAMPION,"","",""
406,7905,60-0971,78,"",1,"","","",""
407,7907,60-0974,78,"",1,"","","",""
408,7708,60-0978,76,"",1,"","","",""
409,7909,60-1050,78,"",1,"","","",""
410,7701,60-1806,76,"",1,TR7RV - HIGH BAR,"","",""
411,4502,60-1841,44,"",2,"","","",""
412,7906,60-1907,78,"",1,"","","",""
413,7904,60-2084,78,open ended,1,"","","",""
414,6731,60-2087,66,"",1,"","","",""
415,4101,60-2118,40,5/8 in. x 3/8 in. x 107 links,1,"","","",""
416,3100,60-2138,30,"",1,Not illus.,"","",""
417,7902,60-2184,78,"",1,"","","",""
418,4330,60-2252,42,"breather pipe, front and rear",2,"","","",""
419,6705,60-2320,66,"",1,"","","",""
420,6712,60-2321,66,"",2,"","","",""
421,4727,60-2321,46,"",8,Motor to motor plates,"","",""
422,6930,60-2321,68,"",2,"","","",""
423,7309,60-2329,72,"",5,No. plate brackets and support plate to fender,"","",""
424,7115,60-2329,70,"",2,Fender top fixing,"","",""
425,7122,60-2329,70,"",2,Bridge to fender,"","",""
426,7126,60-2329,70,"",2,Grab rail to fender,"","",""
427,8541,60-2329,84,"",1,Battery carrier mounting,"","",""
428,7100,60-2329,70,"",4,Number plate attachment,"","",""
429,4307,60-2330,42,"",4,Sump plate to frame,"","",""
430,7118,60-2330,70,"",2,Fender front fixing,"","",""
431,4723,60-2330,46,"",9,Rear motor plates to frame,"","",""
432,1130,60-2330,10,"",10,"","","",""
433,6331,60-2330,62,"",2,"","","",""
434,6332,60-2330,62,rear,1,"","","",""
435,5105,60-2331,50,"",1,"","","",""
436,6320,60-2331,62,for nut,2,"","","",""
437,4524,60-2331,44,"damper,top",2,"","","",""
438,4527,60-2331,44,"",2,"","","",""
439,1938,60-2331,18,Torque stay,2,"","","",""
440,2338,60-2331,22,Torque stay,2,"","","",""
441,4516,60-2332,44,torque stay to swinging arm,1,"","","",""
442,4733,60-2332,46,"",1,Motor to frame centre bottom,"","",""
443,4738,60-2332,46,"",1,Motor fixing front,"","",""
444,8743,60-2332,84,"",6,Flasher lamp stanchion,"","",""
445,4704,60-2333,46,"",2,"","","",""
446,8329,60-2347,82,"",4,Horn attachment,"","",""
447,4530,60-2347,44,front chainguard fixing,1,"","","",""
448,1506,60-2363,14,"",2,"","","",""
449,3737,60-2364,36,1/4 in. diam.,1,"","","",""
450,3720,60-2368,36,3/8 in. diam.,3,"","","",""
451,6732,60-2381,66,self tapping,1,"","","",""
452,8313,60-2391,82,"",4,Condenser attachment,"","",""
453,8322,60-2391,82,"",1,Flasher unit attach.,"","",""
454,8338,60-2391,82,"",2,Bracket to frame,"","",""
455,8100,60-2391,80,"",4,For speedo and Tacho mounting (not illustrated),"","",""
456,4925,60-2416,48,"",2,"","","",""
457,8326,60-2416,82,"",2,"","","",""
458,8333,60-2416,82,"",2,Reflector Mounting,"","",""
459,6729,60-2417,66,"",4,Hinge Attachment,"","",""
460,4742,60-2419,46,"",1,Bracket to frame,"","",""
461,7112,60-2427,70,"",2,"","","",""
462,5736,60-2427,56,"",2,Bracket to fork leg and bridge piece,"","",""
463,6546,60-2427,62,"",1,"","","",""
464,6553,60-2427,62,for bolt,1,"","","",""
465,7110,60-2428,70,"",2,"","","",""
466,5127,60-2428,50,"",8,"","","",""
467,6727,60-2428,66,"",2,"","","",""
468,1149,60-2428,10,"",2,"","","",""
469,6907,60-2438,68,"",2,All models - Cover to body,"","",""
470,6700,60-2569,66,"",2,"","","",""
471,7900,60-2599,78,"",0,Available- Not Illustrated,"","",""
472,8109,60-2600,80,"",1,"","","",""
473,4132,60-2640,40,"",1,"","","",""
474,3724,60-2701,36,"",0,Reference only,"","",""
475,6735,60-2720,66,"",0,Reference only,"","",""
476,8330,60-3161,82,"",2,Horn attachment,"","",""
477,6127,60-3213,60,"",1,"","","",""
478,8116,60-3355,80,"",1,"","","",""
479,1519,60-3355,14,release valve to crankcase,1,"","","",""
480,4300,60-3361,42,"",1,Not illustrated,"","",""
481,3520,60-3494,34,"",1,"","","",""
482,3501,60-3500,34,cover plate,1,"","","",""
483,3505,60-3500,34,high gear,1,"","","",""
484,3504,60-3511,34,"",2,"","","",""
485,3537,60-3512,34,gearbox sprocket,1,"","","",""
486,6909,60-3539,68,"",2,All models - left assy to right assy,"","",""
487,1946,60-3548,18,"",2,"","","",""
488,2346,60-3548,22,"",2,"","","",""
489,3526,60-3552,34,"",1,Hoffman LS8 2 SPOT,"","",""
490,7514,60-3567,74,"",1,"","","",""
491,7525,60-3585,74,"",1,"","","",""
492,7526,60-3586,74,"",1,"","","",""
493,8320,60-3614,82,"",1,Flasher unit attach.,"","",""
494,4303,60-3616,42,"",1,"","","",""
495,3123,60-3719,30,"",1,"","","",""
496,7300,60-3748,72,"",1,Not illus.,"","",""
497,911,60-3761,8,"",4,"","","",""
498,8317,60-3891,82,suppressed (FRANCE),2,MERIT-WORKE,"","",""
499,7520,60-3896,74,"",2,"","","",""
500,7702,60-3925,76,"",1,HIGH BAR,"","",""
501,4518,60-3957,44,"",2,Girling 64052564,"","",""
502,2156,60-3963,18,"",12,"","","",""
503,2556,60-3963,22,"",12,"","","",""
504,6916,60-3975,68,"",1,TR7RV,"","",""
505,6302,60-4101,62,"",1,"","","",""
506,5738,60-4101,56,"",1,"","","",""
507,5701,60-4102,56,"",1,"","","",""
508,7300,60-4103,72,flasher wire,1,Not illus.,"","",""
509,4110,60-4125,40,3/8 in. Triplex x 84 links,1,"","","",""
510,7704,60-4126,76,"",1,T140V - UNIVERSAL,"","",""
511,7705,60-4127,76,lever to junction box,1,T140V - UNIVERSAL,"","",""
512,7707,60-4128,76,junction box to carburetor,2,T140V - UNIVERSAL,"","",""
513,6921,60-4150,68,"",2,"","","",""
514,6924,60-4152,68,"",2,"","","",""
515,6923,60-4153,68,"",2,"","","",""
516,6925,60-4154,68,"",2,Name plate attachment,"","",""
517,918,60-4167,8,right (RHP5/6306),1,"","","",""
518,7702,60-4168,76,"",1,LOW BAR,"","",""
519,5733,60-4175,56,bottom yoke/fork leg,1,"","","",""
520,5729,60-4176,56,master cylinder/top yoke,1,For high handlebar,"","",""
521,5737,60-4178,56,fork leg/caliper,1,"","","",""
522,5730,60-4179,56,top yoke/bottom yoke,1,"","","",""
523,6325,60-4180,62,hose to bracket,1,"","","",""
524,5731,60-4180,56,"",3,"","","",""
525,5726,60-4182,56,"",1,"","","",""
526,6555,60-4182,62,"",1,"","","",""
527,5725,60-4183,56,"",1,"","","",""
528,5727,60-4184,56,"",1,"","","",""
529,5728,60-4186,56,"",1,"","","",""
530,7703,60-4194,76,"",1,TR7RV - UNIVERSAL,"","",""
531,5702,60-4206,56,"",1,"","","",""
532,7521,60-4206,74,"",1,"","","",""
533,7105,60-4245,70,"",5,"","","",""
534,4514,60-4246,44,"",1,"","","",""
535,1115,60-4246,10,"",2,"","","",""
536,4116,60-4247,40,"",3,"","","",""
537,4917,60-4247,48,"",2,Exhaust pipes to mufflers,"","",""
538,3728,60-4247,36,"",2,"","","",""
539,1704,60-4248,16,Manifold to head,4,TR7RV,"","",""
540,4923,60-4248,48,"",4,Muffler to hanger,"","",""
541,1935,60-4248,18,"",4,"","","",""
542,2335,60-4248,22,"",4,"","","",""
543,7303,60-4250,72,"",1,Tail lamp support to fender,"","",""
544,1354,60-4250,10,"",1,"","","",""
545,4732,60-4251,46,"",1,Motor to frame centre bottom,"","",""
546,3922,60-4253,38,"",1,"","","",""
547,7709,60-4254,76,"",13,"","","",""
548,3103,60-4255,30,"",3,"","","",""
549,7711,60-4258,76,"",2,"","","",""
550,1728,60-4260,16,"",1,"","","",""
551,6903,60-4265,68,"",2,All models,"","",""
552,6311,60-4266,62,bleed nipple,1,GIRLING PART,"","",""
553,5707,60-4328,56,"",1,"","","",""
554,6549,60-4328,62,paper,1,"","","",""
555,5706,60-4365,56,"",1,"","","",""
556,6551,60-4365,62,"",1,"","","",""
557,5708,60-4366,56,"",1,"","","",""
558,6550,60-4366,62,"",1,"","","",""
559,6542,60-4374,62,"",1,"","","",""
560,6922,60-4384,68,"",2,TR7RV,"","",""
561,6922,60-4385,68,"",2,T140V,"","",""
562,6340,60-4397,62,reservoir,1,"","","",""
563,6543,60-4398,62,"",1,"","","",""
564,6544,60-4399,62,"",1,"","","",""
565,6327,60-4401,62,"",1,"","","",""
566,6333,60-4409,62,reservoir to master cylinder,1,"","","",""
567,4345,60-4428,42,oil return pipe,1,"","","",""
568,4346,60-4429,42,oil feed pipe,1,"","","",""
569,7300,60-4440,72,flasher wires,2,Not illus.,"","",""
570,6720,60-4511,66,"",1,"","","",""
571,6721,60-4512,66,"",1,"","","",""
572,5729,60-4619,56,master cylinder/top yoke,1,For low handlebar,"","",""
573,7713,60-7001,76,twist grip to junction block,1,T140V - HIGH BAR,"","",""
574,7701,60-7002,76,"",1,T140V - HIGH BAR,"","",""
575,8700,60-7003,84,ignition switch,1,Not illustrated,"","",""
576,8700,60-7004,84,warning lights,1,Not illustrated,"","",""
577,8700,60-7005,84,light switch,1,Not illustrated,"","",""
578,6324,60-7007,62,hose to caliper,1,"","","",""
579,8106,60-7010,80,"",1,"","","",""
580,8102,60-7011,80,"",1,"","","",""
581,8105,60-7012,80,"",1,"","","",""
582,8107,60-7013,80,"",1,"","","",""
583,7503,60-7014,74,"",1,T140V,"","",""
584,6547,60-7016,62,"",1,"","","",""
585,8311,60-7018,82,"",2,"","","",""
586,7900,60-7019,78,"",1,"","","",""
587,7903,60-7020,78,for rear wheel and box spanner,1,"","","",""
588,7528,60-7021,74,"",1,"","","",""
589,7529,60-7022,74,"",1,"","","",""
590,7522,60-7023,74,"",1,"","","",""
591,7530,60-7024,74,"",1,"","","",""
592,7541,60-7025,74,"handlebar clamp 5/8"" x 1BA",2,"","","",""
593,7523,60-7026,74,"",1,"","","",""
594,8101,60-7027,80,KPH,1,"","","",""
595,6323,60-7028,62,master cylinder to pipe,1,"","","",""
596,6334,60-7030,62,hose,2,"","","",""
597,1112,70-0375,10,"",1,"","","",""
598,929,70-0400,8,"",1,"","","",""
599,1507,70-0403,14,"",2,"","","",""
600,2151,70-0470,18,"",4,"","","",""
601,2551,70-0470,22,"",4,"","","",""
602,3525,70-0489,34,"",1,"","","",""
603,1505,70-0495,14,"",1,"","","",""
604,2154,70-1330,18,"",2,"","","",""
605,2554,70-1330,22,"",2,"","","",""
606,4311,70-1335,42,"",1,"","","",""
607,4317,70-1335,42,"",4,"","","",""
608,2147,70-1457,18,"",2,"","","",""
609,2547,70-1457,22,"",2,"","","",""
610,2148,70-1458,18,"",2,"","","",""
611,2548,70-1458,22,"",2,"","","",""
612,2150,70-1513,18,"",4,"","","",""
613,2550,70-1513,22,"",4,"","","",""
614,1117,70-1532,10,tappet oil feed,2,"","","",""
615,1921,70-1543,18,"",4,"","","",""
616,2321,70-1543,22,"",4,"","","",""
617,931,70-1558,8,"",2,"","","",""
618,2152,70-1574,18,"",4,"","","",""
619,2552,70-1574,22,"",4,"","","",""
620,2153,70-1575,18,"",6,"","","",""
621,2553,70-1575,22,"",6,"","","",""
622,925,70-1580,8,"",1,"","","",""
623,3713,70-1612,36,"",4,"","","",""
624,7318,70-1612,72,"",1,"","","",""
625,7519,70-1612,74,"",2,"","","",""
626,6326,70-2288,62,hose to bracket,1,"","","",""
627,5732,70-2288,56,"",3,"","","",""
628,1508,70-2360,14,"",2,"","","",""
629,1725,70-2441,16,"",2,"","","",""
630,1137,70-2441,10,"",1,"","","",""
631,938,70-2879,8,left (RM11L. ),1,"","","",""
632,1917,70-2904,18,"",2,"","","",""
633,2317,70-2904,22,"",2,"","","",""
634,2159,70-3135,18,"",2,"","","",""
635,2559,70-3135,22,"",2,"","","",""
636,937,70-3300,8,"",1,"","","",""
637,1931,70-3302,18,"",6,"","","",""
638,2331,70-3302,22,"",6,"","","",""
639,1904,70-3446,18,"",4,"","","",""
640,2304,70-3446,22,"",4,"","","",""
641,4315,70-3446,42,"",1,Junction block to crankcase,"","",""
642,912,70-3586,8,.020 in. undersizes),4,"","","",""
643,4915,70-3768,48,"",4,Exhaust pipes to mufflers,"","",""
644,4910,70-3768  ,48,"",4,Exhaust pipes to coupling pipe,"","",""
645,3502,70-3789,34,"",1,"","","",""
646,4104,70-3821,40,"",6,"","","",""
647,1511,70-3887,14,"",2,"","","",""
648,939,70-3902,8,crankshaft oilway,1,"","","",""
649,903,70-3903,8,"",1,"","","",""
650,923,70-3975,8,"",1,"","","",""
651,3102,70-4016,30,"",1,"","","",""
652,4115,70-4144,40,"",1,"","","",""
653,8300,70-4144,82,"",2,Not illustrated,"","",""
654,4107,70-4152,40,"",1,"","","",""
655,1919,70-4221,18,"",4,"","","",""
656,2319,70-4221,22,"",4,"","","",""
657,1107,70-4538,10,"",0,Reference only,"","",""
658,926,70-4564,8,"",1,"","","",""
659,3104,70-4568,30,"",2,"","","",""
660,3105,70-4569,30,"",1,"","","",""
661,1916,70-4603,18,"",2,"","","",""
662,2316,70-4603,22,"",2,"","","",""
663,1353,70-4705,10,"",1,"","","",""
664,3111,70-4707,30,"",1,"","","",""
665,1909,70-4752,18,"",2,"","","",""
666,2309,70-4752,22,"",2,"","","",""
667,4106,70-5085,40,"",1,"","","",""
668,4108,70-5087,40,"",1,"","","",""
669,1104,70-5088,10,"",1,"","","",""
670,4105,70-5088,40,"",1,(also listed with crankcase group),"","",""
671,8113,70-5155,80,"",1,"Reference only, not supplied separately. (Part of 70-9332)","","",""
672,8112,70-5156,80,"",1,"Reference only, not supplied separately. (Part of 70-9332)","","",""
673,8114,70-5157,80,"",1,"","","",""
674,1702,70-5660,16,"",2,TR7RV,"","",""
675,4914,70-5874,48,"",2,Exhaust pipes to mufflers,"","",""
676,928,70-6159,8,"",1,"","","",""
677,1901,70-6309,18,"",1,"","","",""
678,2301,70-6309,22,"",1,"","","",""
679,1108,70-6386,10,"",0,Reference only,"","",""
680,3104,70-6387,30,"",0,For reground crankshaft,"","",""
681,933,70-6523,8,"",1,"","","",""
682,3113,70-6559,30,"",2,"","","",""
683,1357,70-6559,10,outlet stub screw,2,"","","",""
684,1517,70-6596,14,"",0,Reference only,"","",""
685,1504,70-6681,14,"",1,"","","",""
686,4320,70-6848,42,rocker feed pipe,2,"","","",""
687,4322,70-6848,42,return pipe,1,"","","",""
688,4906,70-6857,48,"",2,"","","",""
689,1910,70-7310,18,bottom (Cover tubes),2,"","","",""
690,2310,70-7310,22,bottom  (Cover tubes),2,"","","",""
691,8120,70-7351,80,"",1,"","","",""
692,6722,70-7351,66,"",2,"","","",""
693,3117,70-7354,30,"",2,"","","",""
694,1351,70-7354,10,"",2,"","","",""
695,1920,70-7400,18,"",4,"","","",""
696,2320,70-7400,22,"",4,"","","",""
697,4134,70-7431,40,drain plug,1,"","","",""
698,1139,70-7431,10,"",1,"","","",""
699,4909,70-7512,48,"",2,Exhaust pipes to coupling pipe,"","",""
700,8305,70-7554,82,"",1,"Coil and tool tray attachment, rear.","","",""
701,1723,70-7563,16,"",2,"","","",""
702,5724,70-7573,56,"",1,"","","",""
703,1145,70-7573,10,"",1,"","","",""
704,1514,70-7590,14,"",0,Reference only,"","",""
705,1516,70-7591,14,"",0,Reference only,"","",""
706,3112,70-7680,30,"",2,"","","",""
707,900,70-8038,8,Engine sprocket,0,Not illustrated,"","",""
708,3110,70-8163,30,"",1,"","","",""
709,3114,70-8737,30,"",1,"","","",""
710,1113,70-8751,10,cylinder base,2,"","","",""
711,1515,70-8752,14,"",0,Reference only,"","",""
712,1518,70-8754,14,cap to body,1,"","","",""
713,5519,70-8770,54,V Disc to hub,4,"","","",""
714,6124,70-8770,60,"disc/sprocket nut (.390""-.625""-.064"")",8,"","","",""
715,1133,70-8782,10,"",1,"","","",""
716,1142,70-8782,10,"",2,"","","",""
717,3743,70-8782,36,"",1,"","","",""
718,1727,70-8801,16,"",2,"","","",""
719,3101,70-9246,30,"",1,"","","",""
720,1503,70-9269,14,"",1,"","","",""
721,1118,70-9330,10,"",1,"","","",""
722,8111,70-9332,80,"",1,"","","",""
723,1132,70-9336,10,"",1,"","","",""
724,1721,70-9352,16,"",1,"","","",""
725,1722,70-9353,16,"",1,"","","",""
726,4114,70-9360,40,"",1,"","","",""
727,1501,70-9421 ,14,"",1,"","","",""
728,1707,70-9554,16,Carb. to manifold,2,TR7RV,"","",""
729,1714,70-9554,16,Carb. to manifold & head,4,T140V,"","",""
730,1708,70-9555,16,Carb. to manifold),2,TR7RV,"","",""
731,1715,70-9555,16,Carb. to manifold & head),4,T140V,"","",""
732,4109,70-9703,40,"",1,"","","",""
733,2729,70-9711,26,"",1,"","","",""
734,2929,70-9711,28,"",1,Each carburettor,"","",""
735,4913,70-9888,48,"",1,"","","",""
736,910,70-9914,8,"",4,"","","",""
737,936,70-9988,8,"",1,"","","",""
738,2308,71 -1707,22,Cover tubes),2,"","","",""
739,4503,71 -2501,44,grease nipple,2,"","","",""
740,2340,71 -2599,22,"",2,"","","",""
741,1712,71 -2813,16,Carburetor to manifold and head),4,T140V,"","",""
742,3124,71 -2930,30,"",1,"","","",""
743,2314,71 -3294,22,"",2,"","","",""
744,1915,71 -3295,18,"",2,"","","",""
745,2341,71 -3668,22,"",1,"","","",""
746,1942,71 -3669,18,"",1,"","","",""
747,2342,71 -3669,22,"",1,"","","",""
748,4124,71 -3896,40,"",2,"","","",""
749,2149,71-0070,18,"",4,"","","",""
750,2549,71-0070,22,"",4,"","","",""
751,921,71-0082,8,"",1,"","","",""
752,1106,71-0286,10,right hand,2,"","","",""
753,1102,71-0287,10,left hand,2,"","","",""
754,907,71-1003,8,"",3,"","","",""
755,932,71-1007,8,"",1,"","","",""
756,3536,71-1070,34,gearbox sprocket,1,"","","",""
757,1147,71-1072,10,"",1,"","","",""
758,1148,71-1075,10,"",1,"","","",""
759,1352,71-1078,10,primary chain oiler,1,"","","",""
760,1911,71-1283,18,top (Cover tubes),2,"","","",""
761,2311,71-1283,22,top (Cover tubes),2,"","","",""
762,1356,71-1345,10,alternator leads external,1,"","","",""
763,4102,71-1419,40,"",1,"","","",""
764,1350,71-1460,10,"",1,"","","",""
765,3115,71-1462,30,"",1,"","","",""
766,1908,71-1707,18,Cover tubes,2,"","","",""
767,6915,71-1860,68,"",1,TR7RV,"","",""
768,4325,71-2349,42,"",1,"","","",""
769,2158,71-2361,18,rocker box to head,4,"","","",""
770,2558,71-2361,22,rocker box to head,4,"","","",""
771,905,71-2425,8,"",1,"","","",""
772,4903,71-2465,48,"",2,"","","",""
773,8115,71-2480,80,"",1,"","","",""
774,8118,71-2481,80,"",1,"","","",""
775,8119,71-2482,80,"",1,Before Engine No.XN65837,"","",""
776,7108,71-2501,70,"",3,"","","",""
777,2160,71-2598,18,"",4,TR7,"","",""
778,2560,71-2598,22,"",4,T140V,"","",""
779,1940,71-2599,18,"",2,"","","",""
780,8117,71-2653,80,"",1,"","","",""
781,900,71-2660,8,Engine sprocket,0,Not illustrated,"","",""
782,900,71-2663,8,Engine sprocket,1,Not illustrated,"","",""
783,904,71-2800,8,"",1,"","","",""
784,927,71-2877,8,"",1,"","","",""
785,909,71-3006,8,"",2,"","","",""
786,1123,71-3013,10,"",4,"","","",""
787,901,71-3030,8,"",1,"","","",""
788,1914,71-3294,18,"",2,"","","",""
789,2315,71-3295,22,"",2,"","","",""
790,1918,71-3296,18,"",4,"","","",""
791,2318,71-3296,22,"",4,"","","",""
792,902,71-3298,8,"",1,"","","",""
793,1717,71-3313,16,"",2,T140V,"","",""
794,4305,71-3316,42,"",1,"","","",""
795,1906,71-3329,18,"",2,"","","",""
796,2306,71-3329,22,"",2,"","","",""
797,1907,71-3330,18,"",4,"","","",""
798,2307,71-3330,22,"",4,"","","",""
799,1711,71-3338,16,right hand,0,T140V,"","",""
800,1710,71-3339,16,left hand,1,T140V,"","",""
801,916,71-3354,8,"",2,"","","",""
802,1513,71-3447,14,"",1,"","","",""
803,4302,71-3463,42,"",1,"","","",""
804,919,71-3542,8,29 teeth Triplex,1,"","","",""
805,920,71-3544,8,"",1,"","","",""
806,1945,71-3549,18,"",2,"","","",""
807,2345,71-3549,22,"",2,"","","",""
808,4316,71-3550,42,"",1,"","","",""
809,4319,71-3551,42,"",1,"","","",""
810,906,71-3552,8,"",3,* Use 60-0524 Loctite Sealant,"","",""
811,1927,71-3553,18,"",1,"","","",""
812,2327,71-3553,22,"",1,"","","",""
813,1701,71-3556,16,"",1,TR7RV,"","",""
814,1713,71-3573,16,carburetor to manifold and head),2,T140V,"","",""
815,1718,71-3577,16,"",1,T140V,"","",""
816,930,71-3666,8,"",2,"","","",""
817,1941,71-3668,18,"",1,"","","",""
818,1943,71-3671,18,"",2,"","","",""
819,2343,71-3671,22,"",2,"","","",""
820,1944,71-3673,18,"",2,"","","",""
821,2344,71-3673,22,"",2,"","","",""
822,913,71-3676,8,"",2,"","","",""
823,1912,71-3681,18,"",1,"","","",""
824,2312,71-3681,22,"",1,"","","",""
825,914,71-3690,8,"",4,"","","",""
826,915,71-3695,8,"",2,"","","",""
827,917,71-3700,8,"",4,"","","",""
828,1922,71-3748,18,"",8,"","","",""
829,2322,71-3748,22,"",8,"","","",""
830,6736,71-3749,66,"",1,"","","",""
831,4313,71-3754,42,"",1,"","","",""
832,4901,71-3755,48,left,1,"","","",""
833,4902,71-3758,48,right,1,"","","",""
834,913,71-3778,8,"",2,"","","",""
835,4103,71-3892,40,"",1,"","","",""
836,4123,71-3895,40,"",2,"","","",""
837,1509,71-3910,14,"",1,"","","",""
838,1103,71-3989,10,crankcase joint,1,"","","",""
839,1902,71-4005,18,"",1,"","","",""
840,2302,71-4005,22,"",1,"","","",""
841,1913,71-4020,18,"",1,"","","",""
842,1358,71-4044,10,"",1,"","","",""
843,4919,71-4159,48,"",2,"","","",""
844,1101,71-7001,10,"",1,Note:  Crankcases are supplied only as matched pairs Part No. 71-7004,"","",""
845,1105,71-7002,10,"",1,Note:  Crankcases are supplied only as matched pairs Part No. 71-7004,"","",""
846,4119,71-7003,40,"",1,"","","",""
847,1100,71-7004,10,"",1,"","","",""
848,2313,71-7007,22,"",1,"","","",""
849,1726,71-7008,16,"",2,"","","",""
850,4118,71-7009,40,"",1,"","","",""
851,8110,71-7011,80,"",1,"","","",""
852,8119,71-7012,80,"",1,After Engine No.XN65837,"","",""
853,4312,71-7013,42,"",1,"","","",""
854,4321,71-7014,42,"",1,"","","",""
855,4324,71-7015,42,"",1,"","","",""
856,934,71-7016,8,"",1,"","","",""
857,935,71-7017,8,"",1,"","","",""
858,6916,71-7018,68,"",2,T140V,"","",""
859,6913,71-7019,68,"",2,T140V - Air cleaner to frame,"","",""
860,7533,82-1335,74,"",2,"","","",""
861,1119,82-1880,10,"",1,"","","",""
862,4128,82-1880,40,"",2,"","","",""
863,4713,82-2184,46,"",2,Footrest to frame,"","",""
864,6314,82-2184,62,for nut,2,"","","",""
865,5116,82-2184,50,"",3,"","","",""
866,1928,82-2184,18,"",4,"","","",""
867,2328,82-2184,22,"",4,"","","",""
868,8334,82-3799,82,"",2,Reflector Mounting,"","",""
869,6719,82-4048,66,"",1,"","","",""
870,6927,82-4129,68,"",2,Name plate attachment,"","",""
871,6734,82-4228,66,"",1,"","","",""
872,6926,82-4717,68,"",2,Name plate attachment,"","",""
873,4333,82-4717,42,"",4,"","","",""
874,8310,82-5338,82,"",1,"","","",""
875,4310,82-5343,42,"",1,"","","",""
876,8539,82-6039,84,"",3,Battery carrier mounting,"","",""
877,6919,82-6673,68,"",2,"","","",""
878,5107,82-6738,50,"",1,"","","",""
879,8306,82-6784,82,wiring harness,2,"","","",""
880,5300,82-6784,52,throttle cable,1,Not illustrated,"","",""
881,7307,82-6850,72,bottom,1,"","","",""
882,8522,82-6981,84,"",1,"","","",""
883,4339,82-7021,42,"",1,"","","",""
884,8537,82-7380,84,"",4,"","","",""
885,6733,82-7560,66,"",1,"","","",""
886,6717,82-7888,66,rear - tank motif,2,"","","",""
887,8534,82-8091,84,"",1,"","","",""
888,4341,82-8382,42,"",1,"","","",""
889,4714,82-9054,46,"",2,"","","",""
890,6706,82-9063,66,"",1,"","","",""
891,4323,82-9073,42,feed pipe,1,"","","",""
892,4710,82-9089,46,"",2,Footrest swivel,"","",""
893,6730,82-9093,66,"",4,"","","",""
894,4705,82-9279,46,"",2,"","","",""
895,8535,82-9353,84,"",1,"","","",""
896,8536,82-9355,84,"",1,"","","",""
897,8308,82-9561,82,"",2,"","","",""
898,6715,82-9700,66,right,1,"","","",""
899,6715,82-9701,66,left,1,"","","",""
900,6723,83-0002,66,"",2,"","","",""
901,6716,83-1339,66,front - tank motif,2,"","","",""
902,4338,83-1560,42,"",1,"","","",""
903,4331,83-1615,42,breather pipe to fender,4,"","","",""
904,5111,83-2007,50,"",2,"","","",""
905,4510,83-2266,44,swinging arm pivot,2,"","","",""
906,6118,83-2266,60,"wheel spindle nut(.656""-l .000""-.092"")",1,"","","",""
907,8538,83-2508,84,"",3,Battery carrier mounting,"","",""
908,4504,83-2521,44,pivot arm,4,"","","",""
909,4529,83-2641,44,"",1,"","","",""
910,4507,83-2689,44,"",1,"","","",""
911,4506,83-2690,44,"",1,"","","",""
912,4505,83-2691,44,swinging arm pivot,2,"","","",""
913,4508,83-2692,44,"",4,"","","",""
914,7100,83-2726,70,"",1,"","","",""
915,7128,83-2796,70,"",1,"","","",""
916,4306,83-2829,42,"",2,"","","",""
917,4728,83-2846,46,left,1,Motor to frame centre bottom,"","",""
918,4729,83-2847,46,right,1,Motor to frame centre bottom,"","",""
919,4734,83-2848,46,left,1,Motor fixing front,"","",""
920,4735,83-2849,46,right,1,Motor fixing front,"","",""
921,6114,83-3082,60,fork end,2,"","","",""
922,4741,83-3329,46,"",1,Bracket to frame,"","",""
923,8335,83-3522,82,"",2,Reflector Mounting,"","",""
924,4739,83-3537,46,"",1,"","","",""
925,4716,83-3602,46,"",1,"","","",""
926,8336,83-3764,82,"",2,"","","",""
927,4335,83-3793,42,"",1,"","","",""
928,6708,83-3814,66,"",1,"","","",""
929,6718,83-3875,66,"",1,"","","",""
930,2928,83-3927,28,"",1,"","","",""
931,4743,83-4086,46,"",1,"","","",""
932,6700,83-4118,66,"",1,"","","",""
933,6912,83-4299,69,"",4,All models - Air cleaner to frame,"","",""
934,6700,83-4355,66,left,1,"","","",""
935,6700,83-4356,66,right,1,"","","",""
936,6710,83-4395,66,"",1,"","","",""
937,7120,83-4600,70,rear fender,1,"","","",""
938,6901,83-4606,68,left,1,Twin Carb T140V,"","",""
939,6901,83-4607,68,right,1,Twin Carb T140V,"","",""
940,6901,83-4609,68,right,1,Single Carb TR7RV,"","",""
941,8533,83-4610,84,"",1,"","","",""
942,6714,83-4763,66,"",1,"","","",""
943,7301,83-4774,72,"",1,"","","",""
944,6713,83-4776,66,tank grommet,1,"","","",""
945,6726,83-4782,66,front and rear,2,"","","",""
946,4304,83-4783,42,"",1,"","","",""
947,7306,83-4784,72,top,1,"","","",""
948,7316,83-4800,72,lamp to back plate,2,"","","",""
949,6918,83-4803,68,right,1,"","","",""
950,7300,83-4806,72,"",1,Not illus.,"","",""
951,6902,83-4807,68,left,1,Single Carb TR7RV,"","",""
952,6902,83-4808,68,right,1,Single Carb TR7RV,"","",""
953,4327,83-4813,42,rear,1,"","","",""
954,6901,83-4845,68,left,1,Single Carb TR7RV,"","",""
955,6917,83-4854,68,left,1,"","","",""
956,2728,83-4887,26,"",1,"","","",""
957,1719,83-4898,16,Air control lever,1,T140V,"","",""
958,6704,83-4930,66,"",1,"","","",""
959,6702,83-4931,66,"",2,"","","",""
960,6703,83-4932,66,"",2,"","","",""
961,6700,83-4933,66,"",1,"","","",""
962,6707,83-4934,66,"",1,"","","",""
963,4334,83-4941,42,"",1,"","","",""
964,7305,83-5001,72,"",1,"","","",""
965,7300,83-5105,72,lamp carrier,2,Not illus.,"","",""
966,7124,83-5145,70,"",1,"","","",""
967,6914,83-5161,68,"",1,TR7RV - Air cleaner to frame,"","",""
968,4326,83-5285,42,front,1,"","","",""
969,4328,83-5290,42,"",1,"","","",""
970,6701,83-5413,66,"",1,T140V,"","",""
971,6701,83-5414,66,"",1,TR7RV,"","",""
972,6904,83-5448,68,left,1,All models,"","",""
973,6904,83-5449,68,right,1,All models,"","",""
974,6339,83-5465,62,"",1,"","","",""
975,2928,83-6209,28,"",1,1977 T140 4 gallon tanks only,"","",""
976,6318,83-7003,62,"",1,"","","",""
977,4719,83-7009,46,"",1,"","","",""
978,4718,83-7011,46,"",1,"","","",""
979,6321,83-7016,62,brake pedal,1,"","","",""
980,6337,83-7018,62,master cylinder,1,"","","",""
981,4920,83-7021,48,muffler right,1,"","","",""
982,4924,83-7022,48,"",1,"","","",""
983,6336,83-7024,62,"",1,"","","",""
984,4715,83-7025,46,"",1,"","","",""
985,4706,83-7026,46,"",1,"","","",""
986,4512,83-7028,44,"",1,"","","",""
987,7113,83-7031,70,"",1,"","","",""
988,4301,83-7032,42,"",1,"","","",""
989,4501,83-7035,44,"",1,"","","",""
990,4701,83-7040,46,left and right,2,"","","",""
991,8301,83-7041,82,"",1,"Coil and tool tray attachment, rear.","","",""
992,6315,83-7044,62,"",1,"","","",""
993,6556,83-7046,62,rear brake pedal,1,"","","",""
994,6335,83-7049,62,hose,1,"","","",""
995,6338,83-7053,62,"",1,"","","",""
996,6554,83-7054,62,"",2,"","","",""
997,6548,83-7055,62,feed hose,1,"","","",""
998,6541,83-7056,62,reservoir,1,"","","",""
999,6906,83-7057,68,"",2,All models - Cover to body,"","",""
1000,6927,83-7058,68,front,2,Name plate attachment,"","",""
1001,4707,83-7059,46,"",1,"","","",""
1002,8343,83-7060,82,"",2,"","","",""
1003,6700,83-7061,66,"",1,TR7RV,"","",""
1004,6700,83-7062,66,"",1,T140V,"","",""
1005,6700,83-7063,66,"",1,T140V,"","",""
1006,5734,83-7064,56,pipe support,1,"","","",""
1007,6724,83-7065,66,"",1,"","","",""
1008,6725,83-7066,66,"",1,"","","",""
1009,6902,83-7067,69,left,1,Twin Carb T140V,"","",""
1010,6902,83-7068,69,right,1,Twin Carb T140V,"","",""
1011,4329,83-7069,42,vent pipe to T-piece,1,"","","",""
1012,1724,97-0200,16,"",2,"","","",""
1013,3116,97-0430,30,"",2,"","","",""
1014,7300,97-0961,72,mudguard for wiring,2,Not illus.,"","",""
1015,8325,97-1388,82,"",1,"","","",""
1016,6928,97-1388,69,under motif - front,2,Name plate attachment,"","",""
1017,8342,97-1388,82,"",2,"","","",""
1018,7502,97-1425,74,handlebar mounting,4,"","","",""
1019,5300,97-1510,52,fork outer cover (Not U.S.A.),2,"","","",""
1020,7535,97-1527,74,"",2,"","","",""
1021,7536,97-1529,74,"",4,"","","",""
1022,7538,97-1580,74,"",2,"","","",""
1023,7537,97-1581,74,"",2,"","","",""
1024,7511,97-2125,74,right hand,1,"","","",""
1025,7513,97-2142,74,left hand,1,"","","",""
1026,5347,97-2208,52,"",2,"","","",""
1027,5348,97-2209,52,"",4,"","","",""
1028,5349,97-2210,52,"",4,"","","",""
1029,7539,97-2221,74,"",2,"","","",""
1030,8524,97-2262,84,ignition switch,1,"","","",""
1031,5110,97-2266,50,"",1,"","","",""
1032,7532,97-2291,74,"",2,"","","",""
1033,5130,97-3893,50,"",2,"","","",""
1034,5129,97-3894,50,"",2,"","","",""
1035,4332,97-3894,42,"",4,"","","",""
1036,5128,97-4001,50,"",2,"","","",""
1037,5142,97-4002,50,"",2,"","","",""
1038,5131,97-4003,50,"",2,"","","",""
1039,5134,97-4004,50,"",2,"","","",""
1040,5132,97-4009,50,"",2,"","","",""
1041,5120,97-4011,50,"",2,"","","",""
1042,5351,97-4012,52,damper valve,1,"","","",""
1043,8108,97-4026,80,"",1,"","","",""
1044,5113,97-4028,50,"",2,"","","",""
1045,5112,97-4031,50,"",2,"","","",""
1046,5119,97-4076,50,"",2,"","","",""
1047,7712,97-4112,76,"",0,As required,"","",""
1048,5345,97-4121,52,left,1,"","","",""
1049,8516,97-4125,84,headlamp bolt,2,"","","",""
1050,5137,97-4166,50,"",2,"","","",""
1051,5346,97-4203,52,right,1,"","","",""
1052,5138,97-4317,50,"",1,"","","",""
1053,5135,97-4325,50,"",2,"","","",""
1054,5118,97-4380,50,"",2,"","","",""
1055,5102,97-4381,50,"",1,"","","",""
1056,5114,97-4385,50,"",1,"","","",""
1057,5140,97-4387,50,"",2,"","","",""
1058,5136,97-4395,50,"",2,"","","",""
1059,5101,97-4396,50,"",1,U.S.A.,"","",""
1060,5121,97-4399,50,LEFT (complete),1,"","","",""
1061,5343,97-4406,52,left - alternative fitment (Not U.S.A),1,"","","",""
1062,5344,97-4407,52,right - alternative fitment (Not U.S.A),1,"","","",""
1063,5123,97-4456,50,wheel spindle - left,1,"","","",""
1064,5124,97-4457,50,wheel spindle - right,1,"","","",""
1065,5141,97-4461,50,outer cover,2,"","","",""
1066,5115,97-4476,50,left,1,"","","",""
1067,5343,97-4480,52,left,1,"","","",""
1068,5344,97-4481,52,right,1,"","","",""
1069,7103,97-4552,70,"",1,"","","",""
1070,5122,97-4579,50,RIGHT (complete),1,"","","",""
1071,5101,97-4616,50,"",1,General,"","",""
1072,7501,97-7001,74,"",1,USA specificatic,"","",""
1073,7501,97-7002,74,"",1,UK and General,"","",""
1074,7101,97-7003,70,"",1,"","","",""
1075,7102,97-7004,70,"",1,"","","",""
1076,4521,99-0107,44,"",4,Girling 9054/1 71,"","",""
1077,4520,99-0122,44,"",4,Girling 64533645,"","",""
1078,8122,99-0173,80,"",1,"","","",""
1079,7510,99-0225,74,"",2,"","","",""
1080,7512,99-0241,74,"",1,"","","",""
1081,7503,99-0248,74,"",1,TR7RV,"","",""
1082,2723,99-0438,26,"",1,"","","",""
1083,2923,99-0438,28,"",1,Each carburettor,"","",""
1084,2917,99-0446,28,"",1,Each carburettor,"","",""
1085,2717,99-0454,26,"",1,"","","",""
1086,2720,99-0506,26,"",1,"","","",""
1087,2920,99-0506,28,"",1,Each carburettor,"","",""
1088,2707,99-0510,26,"",1,"","","",""
1089,2907,99-0510,28,"",1,Each carburettor,"","",""
1090,2722,99-0511,26,"",1,"","","",""
1091,2922,99-0511,28,"",1,Each carburettor,"","",""
1092,2718,99-0512,26,"",1,"","","",""
1093,2918,99-0512,28,"",1,Each carburettor,"","",""
1094,2719,99-0513,26,"",1,"","","",""
1095,2919,99-0513,28,"",1,Each carburettor,"","",""
1096,2721,99-0514,26,"",1,"","","",""
1097,2921,99-0514,28,"",1,Each carburettor,"","",""
1098,2713,99-0515,26,"",1,"","","",""
1099,2913,99-0515,28,"",1,Each carburettor,"","",""
1100,2712,99-0516,26,"",1,"","","",""
1101,2912,99-0516,28,"",1,Each carburettor,"","",""
1102,2724,99-0517,26,"",1,"","","",""
1103,2924,99-0517,28,"",1,Each carburettor,"","",""
1104,2714,99-0520,26,"",2,"","","",""
1105,2914,99-0520,28,"",2,Each carburettor,"","",""
1106,2704,99-0521,26,float and mixing chamber tops,4,"","","",""
1107,2904,99-0521,28,float and mixing chamber tops,4,Each carburettor,"","",""
1108,2705,99-0527,26,"",1,"","","",""
1109,2905,99-0527,28,"",1,Each carburettor,"","",""
1110,2709,99-0528,26,"",1,"","","",""
1111,2909,99-0528,28,"",1,Each carburettor,"","",""
1112,8517,99-0537,84,warning light,3,"","","",""
1113,7315,99-0542,72,"",1,"","","",""
1114,8509,99-0548,84,"",1,"","","",""
1115,8520,99-0558,84,"",1,"","","",""
1116,8309,99-0589,82,"",1,"","","",""
1117,8315,99-0590,82,"",1,"","","",""
1118,8504,99-0683,84,"",6,"","","",""
1119,8502,99-0692,84,"",1,"","","",""
1120,8742,99-0719,84,"",1,"","","",""
1121,922,99-0739,8,"",1,Lucas 54213901,"","",""
1122,3122,99-0769,30,adjustment,2,Lucas 54419220,"","",""
1123,4113,99-1006,40,"",1,Lucas 47205,"","",""
1124,8340,99-1028,82,"",1,"","","",""
1125,2706,99-1033,26,"",1,"","","",""
1126,2906,99-1033,28,"",1,Each carburettor,"","",""
1127,2716,99-1034,26,"",1,"","","",""
1128,2916,99-1034,28,"",1,Each carburettor,"","",""
1129,2715,99-1035,26,"",1,"","","",""
1130,2915,99-1035,28,"",1,Each carburettor,"","",""
1131,2708,99-1036,26,"",1,"","","",""
1132,2908,99-1036,28,"",1,Each carburettor,"","",""
1133,2711,99-1037,26,"",1,"","","",""
1134,2911,99-1037,28,"",1,Each carburettor,"","",""
1135,2710,99-1038,26,"",1,"","","",""
1136,2910,99-1038,28,"",1,Each carburettor,"","",""
1137,4522,99-1048,44,110 lbs. chrome,2,Girling 64543708,"","",""
1138,2725,99-1124,26,"",1,"","","",""
1139,2925,99-1124,28,"",1,Each carburettor,"","",""
1140,2726,99-1152,26,"",1,"","","",""
1141,2926,99-1152,28,"",1,Each carburettor,"","",""
1142,2727,99-1153,26,"",1,"","","",""
1143,2927,99-1153,28,"",1,Each carburettor,"","",""
1144,8332,99-1161,82,amber,2,"","","",""
1145,8530,99-1192,84,"",1,"","","",""
1146,8531,99-1193,84,"",2,"","","",""
1147,8318,99-1201,82,"",1,"","","",""
1148,8319,99-1204,82,flasher unit,1,"","","",""
1149,8513,99-1207,84,amber,1,"","","",""
1150,8511,99-1208,84,red,1,"","","",""
1151,8512,99-1209,84,green,1,"","","",""
1152,8514,99-1210,84,"",3,"","","",""
1153,8510,99-1213,84,"",1,"","","",""
1154,8507,99-1214,84,45/35W,1,UK-USA-Canada,"","",""
1155,8518,99-1223,84,headlamp fixing,2,"","","",""
1156,8519,99-1224,84,headlamp fixing,2,"","","",""
1157,8327,99-1245,82,"",1,"","","",""
1158,8532,99-1246,84,flasher lamp front,2,"","","",""
1159,8503,99-1249,84,"",1,UK-USA-Canada,"","",""
1160,8515,99-1251,84,"",1,"","","",""
1161,3118,99-1263,30,"",1,Lucas 54425657,"","",""
1162,3119,99-1264,30,"",1,Lucas 54412229,"","",""
1163,3120,99-1265,30,"",1,Lucas 54425160,"","",""
1164,3121,99-1266,30,"",2,Lucas 60600271,"","",""
1165,8501,99-1267,84,"",1,UK-USA-Canada,"","",""
1166,6306,99-12765,62,"",2,"","","",""
1167,5709,99-2753,56,"",1,"","","",""
1168,5710,99-2754,56,"",1,"","","",""
1169,5711,99-2755,56,"",1,"","","",""
1170,5712,99-2756,56,"",1,"","","",""
1171,5713,99-2757,56,"",1,"","","",""
1172,5714,99-2758,56,"",1,"","","",""
1173,5715,99-2759,56,"",1,"","","",""
1174,5716,99-2760,56,"",1,"","","",""
1175,5717,99-2761,56,"",1,"","","",""
1176,5718,99-2762,56,"",1,"","","",""
1177,5719,99-2763,56,"",1,"","","",""
1178,5742,99-2765,56,"",2,"","","",""
1179,6307,99-2766,62,"",2,"","","",""
1180,5743,99-2766,56,"",2,"","","",""
1181,6308,99-2767,62,"",2,"","","",""
1182,5744,99-2767,56,"",2,"","","",""
1183,5705,99-2770,56,"",1,"","","",""
1184,2902,R930,28,right,1,Amal,"","",""
1185,7504,16/328,74,top half,1,Amal,"","",""
1186,7505,16/329,74,bottom half,1,Amal,"","",""
1187,7506,16/008,74,"",1,Amal,"","",""
1188,7507,16/009,74,"",1,Amal,"","",""
1189,7508,16/010,74,"",1,Amal,"","",""
1190,7509,NoPart#2,74,"",1,Amal,"","",""
1191,7515,12/556,74,"",1,Amal,"","",""
1192,7516,12/607,74,"",1,Amal,"","",""
1193,7517,12/606,74,"",1,Amal,"","",""
1194,7518,12/033,74,"",1,Amal,"","",""
1195,2900,622/172,28,Not illustrated,1,Amal,"","",""
1196,2702,930/005,26,"",1,Amal.,"","",""
1197,2902,L930,28,left,1,Amal.,"","",""
1198,2703,928/098,26,"",1,Amal.,"","",""
1199,2903,928/098,28,Each carburettor,1,Amal.,"","",""
1200,2700,622/172,26,"",1,Amal.,"","",""
1201,5703,3761-270,56,"",1,AP.LTD,"","",""
1202,6303,4741-570,62,Order kit Part No. 99-2769,2,AP.LTD,"","",""
1203,5704,3528-441,56,"",1,AP.LTD,"","",""
1204,6304,K19866TP,62,"",2,AP.LTD,"","",""
1205,6305,28696,62,"",1,AP.LTD,"","",""
1206,6310,3437-307,62,"",2,AP.LTD,"","",""
1207,5739,4741-570,56,"Order kit, Part No.99-2769",2,AP.LTD,"","",""
1208,5740,K19866TP,56,"Order kit, Part No.99-2769",2,AP.LTD,"","",""
1209,5741,3468-229,56,"",1,AP.LTD,"","",""
1210,5746,3437-307,56,caliper halves,2,AP.LTD,"","",""
1211,4519,6405263,44,"",0,Girling,"","",""
1212,8103,51271406,80,"",1,Lucas,"","",""
1213,8104,643,80,"",1,Lucas,"","",""
1214,8505,144921,84,"",1,Lucas,"","",""
1215,8506,534296,84,"",1,Lucas,"","",""
1216,8508,554602,84,UK-USA-Canada,1,Lucas,"","",""
1217,8508,553783,84,Europe,1,Lucas,"","",""
1218,7313,54584931,72,"",1,Lucas,"","",""
1219,7314,54583924,72,"",1,Lucas,"","",""
1220,8521,54130041,84,"",1,Lucas,"","",""
1221,8527,54580300,84,"",1,Lucas,"","",""
1222,8528,54580322,84,"",1,Lucas,"","",""
1223,8529,573832,84,"",1,Lucas,"","",""
1224,8301,83205,82,headlamp - CANADA ONLY (Not illustrated) ,1,Lucas,"","",""
1225,1502,NoPart#1,14,Reference only,1,"","","",""
1226,3301,57-7001,32,"",1,"","","",""
1227,3302,57-1614,32,"",1,"","","",""
1228,3303,57-7009,32,"",1,"","","",""
1229,3304,57-0045,32,"",1,"","","",""
1230,3305,57-1607,32,"",2,"","","",""
1231,3306,57-0989,32,"",4,"","","",""
1232,3307,21-2149,32,"",2,"","","",""
1233,3308,21-1907,32,"",1,"","","",""
1234,3309,70-3446,32,"",1,"","","",""
1235,3310,14-6608,32,"",1,"","","",""
1236,3311,14-7023,32,"",1,"","","",""
1237,3312,57-4889,32,"",1,"","","",""
1238,3313,57-7019,32,"",1,"","","",""
1239,3314,57-7011,32,"",1,"","","",""
1240,3315,NoPart#3,32,"",2,"","","",""
1241,3316,57-3989,32,"",1,"","","",""
1242,3317,57-7020,32,"",1,"","","",""
1243,3318,57-4459,32,"",1,"","","",""
1244,3319,57-4400,32,"",1,"","","",""
1245,3320,57-3978,32,"",1,"","","",""
1246,3321,57-7012,32,inner cover to crankcase,1,"","","",""
1247,3322,57-4364,32,"",1,"","","",""
1248,3323,57-4366,32,"",1,"","","",""
1249,3324,57-4660,32,"",1,"","","",""
1250,3325,37-3761,32,"",1,"","","",""
1251,3326,57-7015,32,"",1,"","","",""
1252,3327,57-7016,32,"",1,"","","",""
1253,5947,60-2331,56,Caliper to outer member,2,"","","",""
1254,5948,14-1303,56,Caliper to outer member,2,"","","",""
1255,5949,37-4263,56,"",1,"","","",""
1256,5950,21-2196,56,Cover attachment,2,"","","",""
1257,5951,60-4156,56,"",1,"","","",""
1258,5952,60-4266,56,"",1,Girling part,"","",""
1259,5953,21-1998,56,Stop switch to lever body,1,"","","",""
1260,5954,21-7008,56,"",1,"","","",""
